customer_id,signup_date,region,loyalty_tier,email
C100000,06/25/2021,West,Silver,user0@example.com
C100001,07/16/2021,West,Bronze,user1@example.com
C100002,06/22/2022,East,Gold,user2@example.com
C100003,05/18/2022,North,Gold,user3@example.com
C100004,08/03/2022,North,Silver,user4@example.com
C100005,07/31/2021,West,Gold,user5@example.com
C100006,07/09/2023,South,Bronze,user6@example.com
C100007,09/08/2022,East,Bronze,user7@example.com
C100008,12/15/2021,Central,Bronze,user8@example.com
C100009,07/05/2021,East,Silver,user9@example.com
C100010,02/03/2022,West,Bronze,user10@example.com
C100011,06/20/2022,South,Bronze,user11@example.com
C100012,08/08/2022,South,Bronze,user12@example.com
C100013,12/12/2021,Central,Platinum,user13@example.com
C100014,01/02/2022,West,Gold,user14@example.com
C100015,07/09/2022,West,Bronze,user15@example.com
C100016,01/01/2023,South,Silver,user16@example.com
C100017,06/24/2023,South,Silver,user17@example.com
C100018,06/17/2021,South,Bronze,user18@example.com
C100019,09/26/2023,North,Bronze,user19@example.com
C100020,03/10/2021,North,Silver,user20@example.com
C100021,03/09/2022,Central,Platinum,user21@example.com
C100022,06/15/2023,Central,Platinum,user22@example.com
C100023,01/27/2022,North,Gold,user23@example.com
C100024,07/30/2023,North,Bronze,user24@example.com
C100025,05/28/2022,North,Silver,user25@example.com
C100026,03/17/2021,South,Silver,user26@example.com
C100027,04/04/2023,West,Silver,user27@example.com
C100028,09/08/2021,South,Bronze,user28@example.com
C100029,01/07/2021,North,Silver,user29@example.com
C100030,02/27/2023,North,Silver,user30@example.com
C100031,03/21/2022,North,Bronze,user31@example.com
C100032,02/14/2021,West,Gold,user32@example.com
C100033,12/05/2022,North,Bronze,user33@example.com
C100034,11/22/2021,South,Silver,user34@example.com
C100035,04/05/2023,Central,Gold,user35@example.com
C100036,06/02/2021,South,Gold,user36@example.com
C100037,07/03/2021,North,Bronze,user37@example.com
C100038,08/08/2023,North,Silver,user38@example.com
C100039,04/23/2021,West,Platinum,user39@example.com
C100040,02/03/2023,South,Bronze,user40@example.com
C100041,07/09/2021,West,Silver,user41@example.com
C100042,08/19/2023,South,Platinum,user42@example.com
C100043,10/18/2021,Central,Platinum,user43@example.com
C100044,11/09/2021,South,Silver,user44@example.com
C100045,07/21/2021,South,Platinum,user45@example.com
C100046,04/08/2022,Central,Gold,user46@example.com
C100047,07/05/2022,South,Platinum,user47@example.com
C100048,02/12/2023,West,Silver,user48@example.com
C100049,05/10/2022,West,Silver,user49@example.com
C100050,05/18/2021,East,Bronze,user50@example.com
C100051,05/06/2023,South,Silver,user51@example.com
C100052,04/29/2022,West,Bronze,user52@example.com
C100053,07/15/2021,South,Bronze,user53@example.com
C100054,03/14/2021,North,Silver,user54@example.com
C100055,05/02/2023,West,Platinum,user55@example.com
C100056,08/03/2023,North,Silver,user56@example.com
C100057,09/15/2021,Central,Bronze,user57@example.com
C100058,12/06/2022,South,Platinum,user58@example.com
C100059,02/05/2022,Central,Silver,user59@example.com
C100060,01/10/2022,North,Bronze,user60@example.com
C100061,07/17/2023,North,Silver,user61@example.com
C100062,12/16/2021,South,Gold,user62@example.com
C100063,07/30/2023,South,Gold,user63@example.com
C100064,08/28/2022,East,Silver,user64@example.com
C100065,02/04/2023,South,Silver,user65@example.com
C100066,08/07/2022,West,Gold,user66@example.com
C100067,10/07/2021,West,Gold,user67@example.com
C100068,06/07/2022,North,Silver,user68@example.com
C100069,01/16/2023,West,Platinum,user69@example.com
C100070,03/15/2023,East,Bronze,user70@example.com
C100071,03/25/2022,Central,Bronze,user71@example.com
C100072,11/14/2021,Central,Platinum,user72@example.com
C100073,01/27/2022,West,Bronze,user73@example.com
C100074,06/01/2021,North,Silver,user74@example.com
C100075,04/03/2021,South,Silver,user75@example.com
C100076,01/30/2023,East,Silver,user76@example.com
C100077,08/13/2021,South,Bronze,user77@example.com
C100078,10/24/2022,South,Bronze,user78@example.com
C100079,12/23/2021,South,Bronze,user79@example.com
C100080,07/21/2023,South,Silver,user80@example.com
C100081,04/27/2022,East,Silver,user81@example.com
C100082,08/03/2022,South,Silver,user82@example.com
C100083,06/11/2023,North,Bronze,user83@example.com
C100084,08/08/2021,Central,Bronze,user84@example.com
C100085,04/27/2022,North,Silver,user85@example.com
C100086,01/20/2021,North,Gold,user86@example.com
C100087,07/13/2023,Central,Silver,user87@example.com
C100088,06/01/2022,North,Bronze,user88@example.com
C100089,02/27/2023,Central,Bronze,user89@example.com
C100090,02/03/2021,North,Bronze,user90@example.com
C100091,05/04/2021,South,Gold,user91@example.com
C100092,10/14/2021,South,Bronze,user92@example.com
C100093,11/29/2022,Central,Silver,user93@example.com
C100094,01/12/2023,Central,Bronze,user94@example.com
C100095,04/22/2023,South,Bronze,user95@example.com
C100096,09/17/2023,Central,Silver,user96@example.com
C100097,09/05/2023,South,Bronze,user97@example.com
C100098,06/15/2023,North,Gold,user98@example.com
C100099,02/20/2022,North,Bronze,user99@example.com
C100100,05/11/2021,North,Gold,user100@example.com
C100101,03/25/2021,North,Bronze,user101@example.com
C100102,08/05/2023,North,Silver,user102@example.com
C100103,02/07/2022,,Silver,user103@example.com
C100104,01/22/2021,West,Bronze,user104@example.com
C100105,09/24/2022,Central,Bronze,user105@example.com
C100106,08/03/2022,Central,Gold,user106@example.com
C100107,07/23/2021,Central,Silver,user107@example.com
C100108,08/13/2023,Central,Bronze,user108@example.com
C100109,02/17/2021,South,Bronze,user109@example.com
C100110,02/24/2023,West,Bronze,user110@example.com
C100111,06/09/2022,North,Bronze,user111@example.com
C100112,12/16/2021,North,Bronze,user112@example.com
C100113,04/18/2021,East,Silver,user113@example.com
C100114,01/16/2023,East,Gold,user114@example.com
C100115,01/29/2022,West,Gold,user115@example.com
C100116,04/25/2023,South,Gold,user116@example.com
C100117,04/16/2023,South,Bronze,user117@example.com
C100118,09/15/2022,South,Silver,user118@example.com
C100119,10/17/2022,East,Gold,user119@example.com
C100120,09/29/2022,West,Platinum,user120@example.com
C100121,10/04/2021,Central,Gold,user121@example.com
C100122,11/06/2021,West,Silver,user122@example.com
C100123,07/01/2023,West,Bronze,user123@example.com
C100124,04/08/2023,North,Gold,user124@example.com
C100125,02/05/2021,West,Bronze,user125@example.com
C100126,03/28/2023,North,Bronze,user126@example.com
C100127,09/18/2021,Central,Bronze,user127@example.com
C100128,03/23/2023,North,Silver,user128@example.com
C100129,04/02/2022,North,Platinum,user129@example.com
C100130,04/20/2022,North,Bronze,user130@example.com
C100131,02/02/2023,North,Platinum,user131@example.com
C100132,07/21/2022,West,Gold,user132@example.com
C100133,07/10/2022,East,Bronze,user133@example.com
C100134,08/04/2021,East,Bronze,user134@example.com
C100135,09/01/2023,South,Silver,user135@example.com
C100136,03/11/2022,Central,Silver,user136@example.com
C100137,02/09/2021,South,Bronze,user137@example.com
C100138,05/12/2021,East,Gold,user138@example.com
C100139,02/18/2022,South,Bronze,user139@example.com
C100140,06/28/2023,Central,Silver,user140@example.com
C100141,04/06/2022,East,Silver,user141@example.com
C100142,04/28/2023,North,Gold,user142@example.com
C100143,03/09/2023,East,Bronze,user143@example.com
C100144,10/11/2022,South,Gold,user144@example.com
C100145,07/21/2022,North,Silver,user145@example.com
C100146,11/10/2022,East,Gold,user146@example.com
C100147,01/09/2022,North,Silver,user147@example.com
C100148,12/12/2022,North,Silver,user148@example.com
C100149,10/24/2022,South,Platinum,user149@example.com
C100150,02/14/2021,Central,Silver,user150@example.com
C100151,09/15/2023,,Silver,user151@example.com
C100152,10/10/2022,East,Gold,user152@example.com
C100153,12/23/2022,South,Platinum,user153@example.com
C100154,05/11/2022,West,Bronze,user154@example.com
C100155,07/17/2021,,Silver,user155@example.com
C100156,04/11/2021,South,Bronze,user156@example.com
C100157,06/30/2021,West,Bronze,user157@example.com
C100158,06/19/2021,,Silver,user158@example.com
C100159,01/30/2021,West,Silver,user159@example.com
C100160,10/10/2021,East,Gold,user160@example.com
C100161,04/13/2023,North,Bronze,user161@example.com
C100162,02/04/2023,West,Gold,user162@example.com
C100163,07/10/2021,South,Gold,user163@example.com
C100164,12/28/2022,West,Bronze,user164@example.com
C100165,01/09/2023,South,Bronze,user165@example.com
C100166,01/13/2021,North,Gold,user166@example.com
C100167,10/09/2022,North,Gold,user167@example.com
C100168,05/04/2022,West,Silver,user168@example.com
C100169,07/20/2023,Central,Bronze,user169@example.com
C100170,03/20/2022,East,Gold,user170@example.com
C100171,04/17/2021,Central,Silver,user171@example.com
C100172,09/15/2022,East,Silver,user172@example.com
C100173,06/04/2023,North,Silver,user173@example.com
C100174,05/13/2022,East,Silver,user174@example.com
C100175,12/16/2021,North,Gold,user175@example.com
C100176,05/02/2022,Central,Silver,user176@example.com
C100177,08/23/2021,Central,Gold,user177@example.com
C100178,06/14/2022,North,Silver,user178@example.com
C100179,01/06/2021,East,Bronze,user179@example.com
C100180,04/28/2023,South,Bronze,user180@example.com
C100181,02/19/2021,East,Bronze,user181@example.com
C100182,03/15/2022,West,Bronze,user182@example.com
C100183,11/29/2021,North,Bronze,user183@example.com
C100184,09/10/2022,South,Gold,user184@example.com
C100185,09/16/2023,North,Silver,user185@example.com
C100186,07/02/2021,Central,Silver,user186@example.com
C100187,11/19/2022,Central,Silver,user187@example.com
C100188,02/26/2022,North,Silver,user188@example.com
C100189,08/28/2023,Central,Silver,user189@example.com
C100190,08/23/2022,North,Platinum,user190@example.com
C100191,10/24/2022,East,Gold,user191@example.com
C100192,09/18/2021,West,Bronze,user192@example.com
C100193,04/21/2022,South,Gold,user193@example.com
C100194,08/12/2022,East,Silver,user194@example.com
C100195,08/22/2021,Central,Platinum,user195@example.com
C100196,11/28/2021,West,Silver,user196@example.com
C100197,02/14/2023,East,Bronze,user197@example.com
C100198,06/08/2023,North,Bronze,user198@example.com
C100199,08/14/2021,South,Bronze,user199@example.com
C100200,04/15/2022,North,Gold,user200@example.com
C100201,03/27/2021,North,Silver,user201@example.com
C100202,11/02/2022,East,Bronze,user202@example.com
C100203,05/26/2023,West,Silver,user203@example.com
C100204,04/22/2022,South,Bronze,user204@example.com
C100205,04/05/2023,East,Bronze,user205@example.com
C100206,03/31/2023,North,Bronze,user206@example.com
C100207,09/05/2021,South,Bronze,user207@example.com
C100208,07/03/2021,Central,Bronze,user208@example.com
C100209,09/26/2022,South,Silver,user209@example.com
C100210,06/28/2023,West,Gold,user210@example.com
C100211,03/18/2021,North,Platinum,user211@example.com
C100212,05/28/2023,East,Gold,user212@example.com
C100213,07/22/2023,East,Bronze,user213@example.com
C100214,12/13/2022,West,Silver,user214@example.com
C100215,03/27/2021,South,Bronze,user215@example.com
C100216,11/30/2022,Central,Bronze,user216@example.com
C100217,03/21/2023,West,Silver,user217@example.com
C100218,08/19/2021,North,Gold,user218@example.com
C100219,07/01/2023,Central,Bronze,user219@example.com
C100220,03/23/2023,North,Bronze,user220@example.com
C100221,11/12/2021,Central,Bronze,user221@example.com
C100222,05/01/2023,West,Silver,user222@example.com
C100223,07/30/2022,Central,Platinum,user223@example.com
C100224,07/14/2023,West,Silver,user224@example.com
C100225,02/05/2022,North,Bronze,user225@example.com
C100226,06/21/2023,North,Bronze,user226@example.com
C100227,02/05/2021,East,Gold,user227@example.com
C100228,08/13/2022,West,Platinum,user228@example.com
C100229,10/16/2021,East,Bronze,user229@example.com
C100230,09/22/2022,East,Gold,user230@example.com
C100231,12/29/2022,Central,Gold,user231@example.com
C100232,09/19/2023,South,Silver,user232@example.com
C100233,06/11/2021,Central,Platinum,user233@example.com
C100234,02/15/2021,South,Silver,user234@example.com
C100235,07/26/2023,North,Bronze,user235@example.com
C100236,09/21/2022,East,Silver,user236@example.com
C100237,04/21/2022,North,Bronze,user237@example.com
C100238,02/03/2022,North,Silver,user238@example.com
C100239,02/15/2021,East,Silver,user239@example.com
C100240,05/24/2023,North,Bronze,user240@example.com
C100241,02/12/2021,Central,Bronze,user241@example.com
C100242,05/15/2023,West,Platinum,user242@example.com
C100243,10/18/2021,East,Gold,user243@example.com
C100244,04/06/2021,East,Bronze,user244@example.com
C100245,05/31/2023,Central,Gold,user245@example.com
C100246,07/03/2021,Central,Platinum,user246@example.com
C100247,08/19/2021,South,Bronze,user247@example.com
C100248,07/04/2023,West,Silver,user248@example.com
C100249,09/23/2021,North,Platinum,user249@example.com
C100250,08/28/2023,South,Bronze,user250@example.com
C100251,09/27/2021,South,Bronze,user251@example.com
C100252,12/08/2021,Central,Bronze,user252@example.com
C100253,07/29/2023,Central,Silver,user253@example.com
C100254,01/02/2021,Central,Platinum,user254@example.com
C100255,10/15/2021,West,Platinum,user255@example.com
C100256,06/30/2023,North,Bronze,user256@example.com
C100257,07/28/2021,,Platinum,user257@example.com
C100258,07/15/2022,West,Bronze,user258@example.com
C100259,10/28/2022,Central,Gold,user259@example.com
C100260,05/13/2022,South,Gold,user260@example.com
C100261,06/11/2021,South,Bronze,user261@example.com
C100262,09/09/2023,,Bronze,user262@example.com
C100263,09/07/2023,South,Bronze,user263@example.com
C100264,09/13/2021,East,Gold,user264@example.com
C100265,12/05/2021,East,Bronze,user265@example.com
C100266,07/31/2022,East,Silver,user266@example.com
C100267,04/07/2022,Central,Gold,user267@example.com
C100268,04/07/2023,West,Platinum,user268@example.com
C100269,09/24/2021,Central,Bronze,user269@example.com
C100270,03/13/2022,Central,Bronze,user270@example.com
C100271,05/22/2022,South,Silver,user271@example.com
C100272,06/24/2022,Central,Platinum,user272@example.com
C100273,06/06/2021,North,Platinum,user273@example.com
C100274,01/09/2021,South,Bronze,user274@example.com
C100275,01/30/2023,South,Silver,user275@example.com
C100276,04/27/2022,East,Silver,user276@example.com
C100277,09/05/2022,West,Bronze,user277@example.com
C100278,09/13/2023,South,Bronze,user278@example.com
C100279,03/05/2022,North,Bronze,user279@example.com
C100280,02/06/2023,South,Gold,user280@example.com
C100281,08/06/2023,East,Bronze,user281@example.com
C100282,04/03/2023,West,Platinum,user282@example.com
C100283,10/26/2021,North,Silver,user283@example.com
C100284,12/15/2021,North,Silver,user284@example.com
C100285,06/04/2022,West,Silver,user285@example.com
C100286,01/24/2023,South,Bronze,user286@example.com
C100287,05/24/2021,North,Bronze,user287@example.com
C100288,10/03/2022,South,Gold,user288@example.com
C100289,07/30/2021,North,Gold,user289@example.com
C100290,08/20/2021,North,Bronze,user290@example.com
C100291,11/20/2022,East,Gold,user291@example.com
C100292,03/25/2022,East,Bronze,user292@example.com
C100293,02/14/2021,,Silver,user293@example.com
C100294,06/06/2022,Central,Bronze,user294@example.com
C100295,03/26/2023,Central,Bronze,user295@example.com
C100296,03/17/2022,West,Silver,user296@example.com
C100297,09/22/2023,Central,Silver,user297@example.com
C100298,06/26/2021,East,Silver,user298@example.com
C100299,10/02/2022,North,Silver,user299@example.com
C100300,03/04/2022,West,Platinum,user300@example.com
C100301,06/02/2022,South,Bronze,user301@example.com
C100302,07/07/2023,North,Silver,user302@example.com
C100303,05/25/2021,South,Bronze,user303@example.com
C100304,01/12/2021,South,Bronze,user304@example.com
C100305,05/25/2023,South,Platinum,user305@example.com
C100306,06/10/2021,Central,Silver,user306@example.com
C100307,03/20/2023,North,Bronze,user307@example.com
C100308,07/03/2022,Central,Bronze,user308@example.com
C100309,03/11/2021,West,Platinum,user309@example.com
C100310,07/14/2023,West,Bronze,user310@example.com
C100311,12/30/2021,South,Gold,user311@example.com
C100312,08/29/2022,East,Silver,user312@example.com
C100313,02/19/2021,West,Bronze,user313@example.com
C100314,04/10/2023,South,Bronze,user314@example.com
C100315,01/02/2022,West,Platinum,user315@example.com
C100316,05/06/2022,North,Silver,user316@example.com
C100317,03/13/2022,East,Silver,user317@example.com
C100318,01/06/2023,West,Bronze,user318@example.com
C100319,10/10/2022,East,Platinum,user319@example.com
C100320,04/03/2021,West,Bronze,user320@example.com
C100321,05/11/2022,East,Bronze,user321@example.com
C100322,04/07/2023,North,Bronze,user322@example.com
C100323,11/22/2022,Central,Gold,user323@example.com
C100324,11/20/2022,West,Gold,user324@example.com
C100325,04/27/2023,Central,Platinum,user325@example.com
C100326,07/14/2022,North,Bronze,user326@example.com
C100327,10/01/2022,East,Bronze,user327@example.com
C100328,08/17/2023,North,Silver,user328@example.com
C100329,04/07/2022,East,Bronze,user329@example.com
C100330,07/31/2021,West,Gold,user330@example.com
C100331,04/16/2021,North,Gold,user331@example.com
C100332,03/19/2021,West,Gold,user332@example.com
C100333,06/21/2022,North,Silver,user333@example.com
C100334,03/09/2021,South,Bronze,user334@example.com
C100335,06/23/2023,West,Silver,user335@example.com
C100336,07/16/2022,East,Bronze,user336@example.com
C100337,05/06/2022,South,Bronze,user337@example.com
C100338,02/21/2022,North,Silver,user338@example.com
C100339,02/03/2021,East,Bronze,user339@example.com
C100340,11/28/2021,South,Bronze,user340@example.com
C100341,05/10/2023,West,Bronze,user341@example.com
C100342,03/10/2021,Central,Bronze,user342@example.com
C100343,08/19/2021,West,Bronze,user343@example.com
C100344,08/31/2022,East,Silver,user344@example.com
C100345,09/30/2022,North,Bronze,user345@example.com
C100346,02/03/2023,East,Silver,user346@example.com
C100347,07/28/2022,South,Silver,user347@example.com
C100348,05/13/2023,Central,Bronze,user348@example.com
C100349,03/20/2021,West,Bronze,user349@example.com
C100350,05/27/2023,North,Silver,user350@example.com
C100351,03/04/2022,South,Platinum,user351@example.com
C100352,08/12/2022,East,Bronze,user352@example.com
C100353,02/05/2022,South,Gold,user353@example.com
C100354,01/05/2022,North,Bronze,user354@example.com
C100355,09/27/2022,West,Bronze,user355@example.com
C100356,02/15/2022,South,Gold,user356@example.com
C100357,09/20/2023,Central,Bronze,user357@example.com
C100358,01/16/2022,East,Platinum,user358@example.com
C100359,05/16/2023,East,Bronze,user359@example.com
C100360,06/05/2022,West,Gold,user360@example.com
C100361,11/24/2022,East,Gold,user361@example.com
C100362,08/30/2022,West,Gold,user362@example.com
C100363,05/16/2023,East,Gold,user363@example.com
C100364,12/21/2022,South,Bronze,user364@example.com
C100365,02/11/2022,East,Silver,user365@example.com
C100366,07/04/2021,East,Gold,user366@example.com
C100367,07/01/2021,North,Bronze,user367@example.com
C100368,07/01/2022,Central,Gold,user368@example.com
C100369,02/20/2023,South,Silver,user369@example.com
C100370,09/18/2021,East,Bronze,user370@example.com
C100371,02/14/2021,Central,Bronze,user371@example.com
C100372,11/08/2021,South,Platinum,user372@example.com
C100373,10/04/2021,South,Bronze,user373@example.com
C100374,03/23/2023,North,Gold,user374@example.com
C100375,03/10/2022,West,Gold,user375@example.com
C100376,10/02/2021,South,Silver,user376@example.com
C100377,07/04/2021,Central,Gold,user377@example.com
C100378,10/24/2022,North,Gold,user378@example.com
C100379,08/05/2023,North,Bronze,user379@example.com
C100380,05/02/2021,South,Bronze,user380@example.com
C100381,02/11/2022,Central,Platinum,user381@example.com
C100382,01/19/2021,Central,Bronze,user382@example.com
C100383,08/24/2023,South,Bronze,user383@example.com
C100384,05/22/2023,East,Gold,user384@example.com
C100385,09/05/2021,Central,Platinum,user385@example.com
C100386,01/06/2021,North,Bronze,user386@example.com
C100387,10/08/2022,West,Silver,user387@example.com
C100388,04/19/2023,South,Gold,user388@example.com
C100389,04/25/2022,South,Bronze,user389@example.com
C100390,06/07/2021,North,Bronze,user390@example.com
C100391,02/05/2022,South,Bronze,user391@example.com
C100392,07/28/2023,East,Platinum,user392@example.com
C100393,09/04/2021,West,Gold,user393@example.com
C100394,08/01/2023,South,Platinum,user394@example.com
C100395,03/10/2021,East,Gold,user395@example.com
C100396,08/27/2021,North,Silver,user396@example.com
C100397,04/13/2021,North,Silver,user397@example.com
C100398,12/19/2022,East,Silver,user398@example.com
C100399,03/27/2022,Central,Silver,user399@example.com
C100400,06/28/2023,North,Gold,user400@example.com
C100401,04/03/2023,East,Silver,user401@example.com
C100402,03/30/2021,East,Bronze,user402@example.com
C100403,04/02/2021,North,Gold,user403@example.com
C100404,03/16/2022,South,Bronze,user404@example.com
C100405,01/17/2021,West,Silver,user405@example.com
C100406,05/10/2022,South,Silver,user406@example.com
C100407,01/16/2022,North,Bronze,user407@example.com
C100408,10/08/2022,North,Gold,user408@example.com
C100409,04/15/2021,South,Gold,user409@example.com
C100410,08/29/2022,South,Platinum,user410@example.com
C100411,03/15/2021,North,Bronze,user411@example.com
C100412,03/05/2022,East,Silver,user412@example.com
C100413,11/27/2022,Central,Bronze,user413@example.com
C100414,10/23/2021,West,Silver,user414@example.com
C100415,07/26/2021,East,Bronze,user415@example.com
C100416,08/25/2023,South,Gold,user416@example.com
C100417,07/10/2021,West,Platinum,user417@example.com
C100418,01/22/2022,Central,Gold,user418@example.com
C100419,07/04/2022,North,Gold,user419@example.com
C100420,12/09/2021,West,Silver,user420@example.com
C100421,08/30/2021,West,Gold,user421@example.com
C100422,03/26/2023,West,Bronze,user422@example.com
C100423,09/23/2021,West,Gold,user423@example.com
C100424,11/07/2022,West,Silver,user424@example.com
C100425,06/12/2022,Central,Bronze,user425@example.com
C100426,07/06/2023,South,Gold,user426@example.com
C100427,11/04/2022,East,Gold,user427@example.com
C100428,05/18/2023,West,Silver,user428@example.com
C100429,07/07/2023,South,Gold,user429@example.com
C100430,07/18/2021,Central,Gold,user430@example.com
C100431,04/14/2022,Central,Bronze,user431@example.com
C100432,06/16/2023,Central,Gold,user432@example.com
C100433,08/01/2021,,Gold,user433@example.com
C100434,06/30/2022,Central,Gold,user434@example.com
C100435,06/18/2022,North,Bronze,user435@example.com
C100436,04/15/2023,West,Silver,user436@example.com
C100437,09/25/2021,Central,Bronze,user437@example.com
C100438,10/31/2021,North,Bronze,user438@example.com
C100439,05/20/2021,East,Bronze,user439@example.com
C100440,02/06/2021,East,Bronze,user440@example.com
C100441,04/02/2022,North,Bronze,user441@example.com
C100442,01/20/2023,East,Silver,user442@example.com
C100443,11/15/2022,East,Bronze,user443@example.com
C100444,02/05/2023,North,Bronze,user444@example.com
C100445,12/13/2022,West,Platinum,user445@example.com
C100446,04/02/2023,East,Silver,user446@example.com
C100447,02/15/2023,South,Silver,user447@example.com
C100448,02/10/2022,Central,Bronze,user448@example.com
C100449,05/07/2021,East,Silver,user449@example.com
C100450,10/03/2021,South,Silver,user450@example.com
C100451,09/27/2023,South,Bronze,user451@example.com
C100452,05/05/2023,Central,Bronze,user452@example.com
C100453,10/29/2021,South,Bronze,user453@example.com
C100454,03/11/2022,South,Bronze,user454@example.com
C100455,08/16/2021,West,Bronze,user455@example.com
C100456,06/14/2023,West,Silver,user456@example.com
C100457,04/30/2023,North,Gold,user457@example.com
C100458,06/30/2022,East,Bronze,user458@example.com
C100459,02/16/2023,East,Gold,user459@example.com
C100460,06/04/2023,East,Silver,user460@example.com
C100461,12/21/2022,West,Bronze,user461@example.com
C100462,08/29/2023,Central,Gold,user462@example.com
C100463,02/26/2023,East,Platinum,user463@example.com
C100464,09/15/2023,Central,Bronze,user464@example.com
C100465,03/20/2022,South,Silver,user465@example.com
C100466,08/17/2022,North,Bronze,user466@example.com
C100467,09/14/2023,North,Gold,user467@example.com
C100468,04/14/2021,South,Bronze,user468@example.com
C100469,06/16/2023,East,Gold,user469@example.com
C100470,08/08/2022,South,Bronze,user470@example.com
C100471,06/29/2023,Central,Bronze,user471@example.com
C100472,06/02/2021,Central,Bronze,user472@example.com
C100473,09/26/2021,South,Bronze,user473@example.com
C100474,11/21/2022,East,Bronze,user474@example.com
C100475,08/15/2021,South,Bronze,user475@example.com
C100476,07/15/2021,East,Silver,user476@example.com
C100477,05/05/2021,East,Bronze,user477@example.com
C100478,09/01/2022,East,Gold,user478@example.com
C100479,01/01/2023,West,Silver,user479@example.com
C100480,12/04/2021,North,Gold,user480@example.com
C100481,12/17/2022,,Silver,user481@example.com
C100482,05/10/2021,East,Bronze,user482@example.com
C100483,03/17/2023,Central,Silver,user483@example.com
C100484,03/17/2023,North,Gold,user484@example.com
C100485,08/09/2023,West,Silver,user485@example.com
C100486,05/12/2022,North,Gold,user486@example.com
C100487,08/28/2023,North,Platinum,user487@example.com
C100488,05/10/2023,East,Bronze,user488@example.com
C100489,12/25/2022,North,Bronze,user489@example.com
C100490,07/10/2022,Central,Bronze,user490@example.com
C100491,06/28/2021,North,Silver,user491@example.com
C100492,05/03/2023,South,Silver,user492@example.com
C100493,07/14/2021,North,Gold,user493@example.com
C100494,04/22/2021,West,Gold,user494@example.com
C100495,05/17/2021,East,Bronze,user495@example.com
C100496,02/02/2023,Central,Platinum,user496@example.com
C100497,07/29/2022,Central,Gold,user497@example.com
C100498,03/26/2021,West,Bronze,user498@example.com
C100499,11/10/2021,West,Bronze,user499@example.com
C100500,01/19/2022,West,Bronze,user500@example.com
C100501,08/03/2023,South,Gold,user501@example.com
C100502,04/04/2022,West,Gold,user502@example.com
C100503,06/10/2021,South,Gold,user503@example.com
C100504,09/12/2021,West,Bronze,user504@example.com
C100505,06/10/2023,South,Silver,user505@example.com
C100506,01/20/2023,Central,Gold,user506@example.com
C100507,04/15/2023,Central,Bronze,user507@example.com
C100508,07/08/2023,North,Bronze,user508@example.com
C100509,06/12/2023,North,Bronze,user509@example.com
C100510,12/09/2022,East,Gold,user510@example.com
C100511,07/27/2023,East,Silver,user511@example.com
C100512,01/29/2021,West,Bronze,user512@example.com
C100513,11/25/2022,South,Silver,user513@example.com
C100514,03/21/2021,Central,Gold,user514@example.com
C100515,03/06/2022,South,Bronze,user515@example.com
C100516,09/07/2022,Central,Gold,user516@example.com
C100517,11/26/2021,East,Bronze,user517@example.com
C100518,05/24/2023,North,Platinum,user518@example.com
C100519,02/11/2021,East,Gold,user519@example.com
C100520,10/20/2021,South,Platinum,user520@example.com
C100521,03/01/2022,South,Platinum,user521@example.com
C100522,02/20/2023,North,Silver,user522@example.com
C100523,12/21/2021,South,Silver,user523@example.com
C100524,11/08/2022,West,Bronze,user524@example.com
C100525,05/05/2023,South,Gold,user525@example.com
C100526,12/11/2022,South,Bronze,user526@example.com
C100527,03/01/2021,East,Bronze,user527@example.com
C100528,12/02/2021,South,Bronze,user528@example.com
C100529,05/12/2021,,Silver,user529@example.com
C100530,06/15/2021,North,Platinum,user530@example.com
C100531,01/06/2022,West,Platinum,user531@example.com
C100532,03/28/2021,South,Bronze,user532@example.com
C100533,11/18/2022,East,Bronze,user533@example.com
C100534,01/15/2021,East,Silver,user534@example.com
C100535,09/24/2023,South,Silver,user535@example.com
C100536,10/22/2022,East,Bronze,user536@example.com
C100537,06/28/2021,North,Bronze,user537@example.com
C100538,12/31/2021,East,Bronze,user538@example.com
C100539,10/21/2021,East,Gold,user539@example.com
C100540,11/10/2021,West,Bronze,user540@example.com
C100541,05/10/2022,West,Bronze,user541@example.com
C100542,12/10/2021,Central,Gold,user542@example.com
C100543,08/05/2022,North,Bronze,user543@example.com
C100544,12/30/2022,,Silver,user544@example.com
C100545,09/25/2021,East,Platinum,user545@example.com
C100546,06/23/2022,North,Silver,user546@example.com
C100547,05/17/2022,,Silver,user547@example.com
C100548,10/18/2021,East,Silver,user548@example.com
C100549,08/16/2022,Central,Silver,user549@example.com
C100550,03/21/2023,East,Silver,user550@example.com
C100551,05/02/2023,West,Bronze,user551@example.com
C100552,03/14/2023,West,Bronze,user552@example.com
C100553,08/18/2023,East,Silver,user553@example.com
C100554,04/23/2023,South,Gold,user554@example.com
C100555,04/17/2023,South,Platinum,user555@example.com
C100556,07/15/2021,West,Gold,user556@example.com
C100557,06/01/2022,Central,Silver,user557@example.com
C100558,09/09/2022,Central,Platinum,user558@example.com
C100559,05/16/2021,North,Gold,user559@example.com
C100560,08/23/2021,South,Silver,user560@example.com
C100561,04/07/2023,South,Silver,user561@example.com
C100562,09/17/2022,East,Silver,user562@example.com
C100563,09/16/2021,,Silver,user563@example.com
C100564,03/19/2023,North,Platinum,user564@example.com
C100565,08/11/2023,South,Bronze,user565@example.com
C100566,04/23/2023,West,Gold,user566@example.com
C100567,03/14/2021,Central,Gold,user567@example.com
C100568,05/12/2023,Central,Bronze,user568@example.com
C100569,06/01/2022,West,Bronze,user569@example.com
C100570,05/28/2022,West,Bronze,user570@example.com
C100571,11/24/2022,Central,Gold,user571@example.com
C100572,09/18/2022,North,Silver,user572@example.com
C100573,09/11/2023,South,Gold,user573@example.com
C100574,06/17/2022,West,Bronze,user574@example.com
C100575,09/29/2022,East,Silver,user575@example.com
C100576,04/23/2022,West,Gold,user576@example.com
C100577,06/09/2023,South,Silver,user577@example.com
C100578,06/28/2022,South,Silver,user578@example.com
C100579,01/04/2022,East,Bronze,user579@example.com
C100580,07/16/2022,Central,Bronze,user580@example.com
C100581,01/04/2022,North,Platinum,user581@example.com
C100582,08/23/2021,East,Silver,user582@example.com
C100583,05/31/2021,East,Bronze,user583@example.com
C100584,11/02/2022,North,Gold,user584@example.com
C100585,04/25/2021,West,Silver,user585@example.com
C100586,04/13/2023,Central,Bronze,user586@example.com
C100587,06/12/2021,Central,Gold,user587@example.com
C100588,03/26/2021,West,Bronze,user588@example.com
C100589,03/21/2021,South,Bronze,user589@example.com
C100590,02/09/2022,East,Platinum,user590@example.com
C100591,02/06/2022,West,Bronze,user591@example.com
C100592,01/30/2022,Central,Gold,user592@example.com
C100593,01/01/2021,North,Platinum,user593@example.com
C100594,06/16/2023,West,Platinum,user594@example.com
C100595,08/15/2021,South,Silver,user595@example.com
C100596,11/07/2022,West,Bronze,user596@example.com
C100597,04/30/2021,Central,Gold,user597@example.com
C100598,04/29/2021,West,Bronze,user598@example.com
C100599,06/06/2021,,Bronze,user599@example.com
C100600,03/02/2022,,Bronze,user600@example.com
C100601,03/15/2023,South,Silver,user601@example.com
C100602,05/04/2023,South,Silver,user602@example.com
C100603,09/26/2023,Central,Gold,user603@example.com
C100604,06/23/2021,North,Silver,user604@example.com
C100605,05/07/2023,East,Bronze,user605@example.com
C100606,03/21/2022,North,Silver,user606@example.com
C100607,08/03/2021,Central,Silver,user607@example.com
C100608,03/29/2021,East,Bronze,user608@example.com
C100609,04/22/2022,West,Silver,user609@example.com
C100610,09/01/2021,South,Bronze,user610@example.com
C100611,06/27/2023,West,Silver,user611@example.com
C100612,01/12/2022,Central,Silver,user612@example.com
C100613,01/12/2021,West,Silver,user613@example.com
C100614,06/05/2023,North,Bronze,user614@example.com
C100615,02/11/2022,East,Bronze,user615@example.com
C100616,07/14/2023,East,Silver,user616@example.com
C100617,07/22/2023,Central,Bronze,user617@example.com
C100618,04/15/2023,South,Platinum,user618@example.com
C100619,04/04/2021,East,Gold,user619@example.com
C100620,12/26/2021,East,Silver,user620@example.com
C100621,05/24/2023,,Silver,user621@example.com
C100622,11/07/2021,North,Platinum,user622@example.com
C100623,11/14/2022,West,Platinum,user623@example.com
C100624,02/02/2023,East,Gold,user624@example.com
C100625,01/28/2022,North,Gold,user625@example.com
C100626,11/10/2022,Central,Silver,user626@example.com
C100627,04/01/2021,South,Platinum,user627@example.com
C100628,05/26/2021,North,Gold,user628@example.com
C100629,05/25/2021,North,Silver,user629@example.com
C100630,08/07/2022,South,Silver,user630@example.com
C100631,09/23/2022,North,Bronze,user631@example.com
C100632,02/26/2021,North,Silver,user632@example.com
C100633,09/03/2021,East,Silver,user633@example.com
C100634,02/12/2023,North,Bronze,user634@example.com
C100635,02/06/2023,East,Silver,user635@example.com
C100636,06/24/2021,South,Silver,user636@example.com
C100637,03/09/2021,East,Bronze,user637@example.com
C100638,08/29/2021,West,Silver,user638@example.com
C100639,12/29/2022,North,Silver,user639@example.com
C100640,08/01/2023,North,Silver,user640@example.com
C100641,03/08/2023,Central,Bronze,user641@example.com
C100642,11/16/2022,East,Bronze,user642@example.com
C100643,10/20/2021,North,Bronze,user643@example.com
C100644,02/01/2021,South,Bronze,user644@example.com
C100645,11/01/2021,East,Silver,user645@example.com
C100646,07/07/2022,North,Silver,user646@example.com
C100647,09/27/2022,South,Platinum,user647@example.com
C100648,07/07/2023,South,Silver,user648@example.com
C100649,07/07/2021,Central,Bronze,user649@example.com
C100650,09/13/2021,West,Bronze,user650@example.com
C100651,11/17/2021,South,Silver,user651@example.com
C100652,01/29/2021,Central,Bronze,user652@example.com
C100653,01/08/2021,North,Bronze,user653@example.com
C100654,07/10/2022,West,Platinum,user654@example.com
C100655,12/13/2021,South,Silver,user655@example.com
C100656,05/14/2021,North,Gold,user656@example.com
C100657,11/29/2021,Central,Gold,user657@example.com
C100658,04/14/2023,Central,Bronze,user658@example.com
C100659,08/02/2021,South,Platinum,user659@example.com
C100660,08/25/2022,East,Gold,user660@example.com
C100661,11/24/2022,North,Silver,user661@example.com
C100662,03/31/2021,East,Bronze,user662@example.com
C100663,01/14/2022,East,Bronze,user663@example.com
C100664,01/22/2021,South,Bronze,user664@example.com
C100665,09/07/2022,South,Bronze,user665@example.com
C100666,04/18/2021,Central,Bronze,user666@example.com
C100667,01/12/2022,East,Silver,user667@example.com
C100668,06/15/2021,West,Silver,user668@example.com
C100669,03/05/2023,West,Bronze,user669@example.com
C100670,01/18/2022,Central,Silver,user670@example.com
C100671,08/04/2022,East,Gold,user671@example.com
C100672,02/18/2022,East,Bronze,user672@example.com
C100673,05/31/2021,East,Bronze,user673@example.com
C100674,02/02/2021,Central,Bronze,user674@example.com
C100675,04/12/2023,West,Silver,user675@example.com
C100676,04/16/2022,West,Platinum,user676@example.com
C100677,01/09/2023,West,Bronze,user677@example.com
C100678,01/11/2021,East,Silver,user678@example.com
C100679,11/30/2021,North,Silver,user679@example.com
C100680,11/07/2022,North,Bronze,user680@example.com
C100681,07/19/2023,East,Bronze,user681@example.com
C100682,07/05/2022,West,Gold,user682@example.com
C100683,12/26/2021,North,Gold,user683@example.com
C100684,09/17/2022,North,Bronze,user684@example.com
C100685,04/10/2022,South,Gold,user685@example.com
C100686,08/23/2023,Central,Gold,user686@example.com
C100687,07/09/2023,West,Silver,user687@example.com
C100688,05/28/2022,South,Platinum,user688@example.com
C100689,03/24/2021,North,Silver,user689@example.com
C100690,08/28/2023,North,Silver,user690@example.com
C100691,02/14/2023,East,Platinum,user691@example.com
C100692,07/03/2023,South,Bronze,user692@example.com
C100693,09/16/2021,Central,Bronze,user693@example.com
C100694,01/15/2021,South,Bronze,user694@example.com
C100695,11/18/2022,South,Platinum,user695@example.com
C100696,11/19/2021,South,Platinum,user696@example.com
C100697,10/15/2021,Central,Bronze,user697@example.com
C100698,06/24/2023,North,Bronze,user698@example.com
C100699,03/19/2021,East,Gold,user699@example.com
C100700,04/22/2022,North,Gold,user700@example.com
C100701,06/19/2021,East,Bronze,user701@example.com
C100702,06/04/2021,West,Silver,user702@example.com
C100703,09/08/2022,East,Silver,user703@example.com
C100704,02/26/2023,South,Bronze,user704@example.com
C100705,12/07/2021,West,Bronze,user705@example.com
C100706,06/20/2022,North,Bronze,user706@example.com
C100707,11/27/2022,South,Bronze,user707@example.com
C100708,07/14/2023,South,Bronze,user708@example.com
C100709,12/15/2021,Central,Silver,user709@example.com
C100710,06/11/2023,West,Platinum,user710@example.com
C100711,05/21/2022,East,Silver,user711@example.com
C100712,12/21/2022,North,Bronze,user712@example.com
C100713,03/25/2023,West,Silver,user713@example.com
C100714,05/16/2023,North,Bronze,user714@example.com
C100715,08/19/2023,North,Bronze,user715@example.com
C100716,02/09/2023,Central,Bronze,user716@example.com
C100717,03/04/2023,South,Bronze,user717@example.com
C100718,09/08/2022,South,Bronze,user718@example.com
C100719,04/07/2023,Central,Platinum,user719@example.com
C100720,03/16/2023,North,Platinum,user720@example.com
C100721,07/09/2022,South,Bronze,user721@example.com
C100722,02/17/2021,Central,Bronze,user722@example.com
C100723,05/05/2023,West,Bronze,user723@example.com
C100724,03/04/2022,East,Bronze,user724@example.com
C100725,06/17/2023,North,Silver,user725@example.com
C100726,08/20/2022,North,Bronze,user726@example.com
C100727,07/20/2021,South,Gold,user727@example.com
C100728,12/10/2021,Central,Bronze,user728@example.com
C100729,11/18/2022,East,Bronze,user729@example.com
C100730,03/31/2023,East,Bronze,user730@example.com
C100731,01/17/2022,East,Silver,user731@example.com
C100732,06/24/2022,South,Platinum,user732@example.com
C100733,10/19/2021,West,Gold,user733@example.com
C100734,07/26/2021,East,Silver,user734@example.com
C100735,05/31/2021,West,Bronze,user735@example.com
C100736,09/21/2022,Central,Gold,user736@example.com
C100737,08/25/2022,South,Bronze,user737@example.com
C100738,04/28/2021,South,Silver,user738@example.com
C100739,12/03/2022,West,Silver,user739@example.com
C100740,08/10/2023,West,Bronze,user740@example.com
C100741,03/05/2023,South,Bronze,user741@example.com
C100742,06/27/2022,Central,Bronze,user742@example.com
C100743,04/17/2021,North,Silver,user743@example.com
C100744,08/12/2022,North,Silver,user744@example.com
C100745,03/18/2022,East,Bronze,user745@example.com
C100746,08/01/2023,West,Gold,user746@example.com
C100747,05/06/2023,East,Silver,user747@example.com
C100748,05/21/2023,East,Bronze,user748@example.com
C100749,02/01/2023,North,Bronze,user749@example.com
C100750,09/06/2021,West,Silver,user750@example.com
C100751,03/20/2022,Central,Platinum,user751@example.com
C100752,08/24/2022,West,Silver,user752@example.com
C100753,12/09/2021,North,Platinum,user753@example.com
C100754,06/05/2021,North,Bronze,user754@example.com
C100755,01/22/2022,South,Bronze,user755@example.com
C100756,03/30/2023,East,Silver,user756@example.com
C100757,02/07/2022,East,Gold,user757@example.com
C100758,05/26/2023,Central,Gold,user758@example.com
C100759,05/01/2022,South,Silver,user759@example.com
C100760,06/14/2022,West,Bronze,user760@example.com
C100761,02/22/2021,West,Bronze,user761@example.com
C100762,04/11/2022,South,Gold,user762@example.com
C100763,06/01/2022,West,Bronze,user763@example.com
C100764,08/25/2022,South,Bronze,user764@example.com
C100765,08/10/2021,West,Silver,user765@example.com
C100766,04/24/2023,South,Bronze,user766@example.com
C100767,09/06/2022,East,Gold,user767@example.com
C100768,02/06/2023,South,Gold,user768@example.com
C100769,08/12/2021,East,Gold,user769@example.com
C100770,07/25/2022,South,Gold,user770@example.com
C100771,05/31/2022,Central,Bronze,user771@example.com
C100772,07/16/2023,East,Silver,user772@example.com
C100773,09/01/2023,North,Silver,user773@example.com
C100774,03/30/2022,East,Gold,user774@example.com
C100775,09/06/2021,South,Bronze,user775@example.com
C100776,01/14/2023,North,Bronze,user776@example.com
C100777,03/04/2021,Central,Platinum,user777@example.com
C100778,01/01/2021,Central,Silver,user778@example.com
C100779,05/06/2022,North,Bronze,user779@example.com
C100780,12/31/2021,South,Silver,user780@example.com
C100781,05/01/2021,West,Bronze,user781@example.com
C100782,03/21/2021,South,Gold,user782@example.com
C100783,03/21/2022,East,Bronze,user783@example.com
C100784,01/28/2023,North,Silver,user784@example.com
C100785,04/11/2021,South,Silver,user785@example.com
C100786,02/14/2021,East,Bronze,user786@example.com
C100787,10/16/2022,East,Gold,user787@example.com
C100788,09/01/2022,South,Silver,user788@example.com
C100789,04/27/2021,South,Silver,user789@example.com
C100790,07/22/2022,East,Platinum,user790@example.com
C100791,04/26/2022,North,Bronze,user791@example.com
C100792,11/26/2022,North,Gold,user792@example.com
C100793,11/28/2021,East,Bronze,user793@example.com
C100794,08/24/2021,West,Bronze,user794@example.com
C100795,07/13/2021,West,Bronze,user795@example.com
C100796,12/19/2021,Central,Silver,user796@example.com
C100797,01/14/2023,South,Bronze,user797@example.com
C100798,01/26/2022,South,Bronze,user798@example.com
C100799,11/01/2021,West,Bronze,user799@example.com
C100800,01/23/2022,South,Silver,user800@example.com
C100801,07/24/2023,Central,Silver,user801@example.com
C100802,07/22/2022,East,Gold,user802@example.com
C100803,09/18/2023,Central,Gold,user803@example.com
C100804,06/20/2023,South,Bronze,user804@example.com
C100805,08/08/2021,North,Gold,user805@example.com
C100806,09/09/2022,North,Gold,user806@example.com
C100807,10/14/2021,South,Platinum,user807@example.com
C100808,03/06/2023,North,Silver,user808@example.com
C100809,10/30/2021,West,Bronze,user809@example.com
C100810,02/25/2021,East,Platinum,user810@example.com
C100811,07/08/2022,East,Silver,user811@example.com
C100812,04/03/2023,North,Silver,user812@example.com
C100813,05/15/2022,North,Silver,user813@example.com
C100814,03/06/2023,East,Bronze,user814@example.com
C100815,04/02/2021,South,Bronze,user815@example.com
C100816,12/31/2022,East,Silver,user816@example.com
C100817,08/18/2023,Central,Bronze,user817@example.com
C100818,08/21/2023,Central,Silver,user818@example.com
C100819,10/24/2022,South,Gold,user819@example.com
C100820,08/25/2021,South,Bronze,user820@example.com
C100821,09/08/2023,North,Silver,user821@example.com
C100822,12/16/2022,West,Silver,user822@example.com
C100823,05/13/2022,South,Bronze,user823@example.com
C100824,12/20/2021,North,Bronze,user824@example.com
C100825,02/07/2021,South,Gold,user825@example.com
C100826,03/24/2023,Central,Silver,user826@example.com
C100827,11/21/2022,Central,Platinum,user827@example.com
C100828,12/24/2022,Central,Silver,user828@example.com
C100829,10/29/2021,East,Silver,user829@example.com
C100830,04/30/2023,North,Silver,user830@example.com
C100831,11/08/2021,North,Silver,user831@example.com
C100832,05/10/2022,Central,Bronze,user832@example.com
C100833,02/25/2023,South,Bronze,user833@example.com
C100834,08/15/2021,East,Bronze,user834@example.com
C100835,08/27/2023,East,Bronze,user835@example.com
C100836,06/06/2023,Central,Silver,user836@example.com
C100837,08/13/2022,North,Silver,user837@example.com
C100838,03/04/2021,Central,Bronze,user838@example.com
C100839,07/14/2022,East,Silver,user839@example.com
C100840,03/11/2021,Central,Bronze,user840@example.com
C100841,02/11/2022,West,Platinum,user841@example.com
C100842,07/07/2022,East,Gold,user842@example.com
C100843,03/31/2023,West,Gold,user843@example.com
C100844,09/06/2023,North,Platinum,user844@example.com
C100845,08/01/2022,Central,Silver,user845@example.com
C100846,07/31/2023,East,Silver,user846@example.com
C100847,08/08/2023,West,Bronze,user847@example.com
C100848,02/02/2021,West,Gold,user848@example.com
C100849,06/30/2021,Central,Gold,user849@example.com
C100850,01/07/2022,South,Bronze,user850@example.com
C100851,12/13/2022,West,Bronze,user851@example.com
C100852,06/20/2023,,Bronze,user852@example.com
C100853,01/30/2021,East,Gold,user853@example.com
C100854,03/18/2021,South,Silver,user854@example.com
C100855,12/23/2021,West,Silver,user855@example.com
C100856,01/01/2021,West,Bronze,user856@example.com
C100857,08/18/2021,North,Gold,user857@example.com
C100858,01/03/2021,East,Bronze,user858@example.com
C100859,03/27/2023,West,Silver,user859@example.com
C100860,12/08/2021,East,Bronze,user860@example.com
C100861,03/02/2023,East,Silver,user861@example.com
C100862,11/26/2021,East,Gold,user862@example.com
C100863,09/18/2023,Central,Bronze,user863@example.com
C100864,05/05/2023,Central,Gold,user864@example.com
C100865,04/30/2021,South,Gold,user865@example.com
C100866,03/14/2022,South,Bronze,user866@example.com
C100867,05/06/2023,,Bronze,user867@example.com
C100868,07/29/2023,West,Gold,user868@example.com
C100869,02/22/2021,Central,Gold,user869@example.com
C100870,02/18/2023,Central,Platinum,user870@example.com
C100871,05/17/2021,South,Silver,user871@example.com
C100872,04/24/2023,West,Bronze,user872@example.com
C100873,09/24/2022,Central,Bronze,user873@example.com
C100874,10/23/2021,,Platinum,user874@example.com
C100875,04/05/2023,West,Gold,user875@example.com
C100876,11/20/2021,West,Silver,user876@example.com
C100877,05/11/2022,North,Gold,user877@example.com
C100878,09/20/2022,West,Silver,user878@example.com
C100879,04/20/2023,North,Gold,user879@example.com
C100880,09/17/2022,Central,Bronze,user880@example.com
C100881,02/24/2023,West,Silver,user881@example.com
C100882,08/06/2022,East,Silver,user882@example.com
C100883,02/15/2023,West,Bronze,user883@example.com
C100884,11/30/2021,Central,Gold,user884@example.com
C100885,01/17/2021,North,Bronze,user885@example.com
C100886,02/04/2023,West,Silver,user886@example.com
C100887,01/03/2021,West,Bronze,user887@example.com
C100888,12/26/2021,North,Gold,user888@example.com
C100889,10/07/2022,West,Gold,user889@example.com
C100890,08/21/2023,Central,Gold,user890@example.com
C100891,01/30/2021,East,Bronze,user891@example.com
C100892,08/18/2021,South,Silver,user892@example.com
C100893,11/30/2021,South,Bronze,user893@example.com
C100894,07/11/2021,West,Silver,user894@example.com
C100895,03/04/2023,East,Bronze,user895@example.com
C100896,07/12/2021,Central,Bronze,user896@example.com
C100897,12/27/2022,West,Gold,user897@example.com
C100898,05/18/2023,Central,Bronze,user898@example.com
C100899,04/18/2021,South,Platinum,user899@example.com
C100900,08/28/2021,North,Silver,user900@example.com
C100901,08/07/2021,Central,Gold,user901@example.com
C100902,01/04/2023,North,Gold,user902@example.com
C100903,12/21/2022,North,Silver,user903@example.com
C100904,10/07/2022,South,Bronze,user904@example.com
C100905,05/30/2021,East,Gold,user905@example.com
C100906,08/27/2021,East,Bronze,user906@example.com
C100907,10/30/2022,West,Bronze,user907@example.com
C100908,03/05/2022,West,Bronze,user908@example.com
C100909,01/12/2022,Central,Platinum,user909@example.com
C100910,04/04/2022,Central,Bronze,user910@example.com
C100911,02/16/2022,Central,Gold,user911@example.com
C100912,03/25/2022,Central,Bronze,user912@example.com
C100913,03/27/2021,West,Platinum,user913@example.com
C100914,03/05/2023,Central,Silver,user914@example.com
C100915,05/28/2023,West,Silver,user915@example.com
C100916,08/22/2023,Central,Gold,user916@example.com
C100917,01/06/2021,South,Bronze,user917@example.com
C100918,06/16/2023,Central,Gold,user918@example.com
C100919,11/17/2022,Central,Platinum,user919@example.com
C100920,10/01/2021,West,Silver,user920@example.com
C100921,04/23/2023,West,Silver,user921@example.com
C100922,03/19/2023,West,Bronze,user922@example.com
C100923,10/26/2022,North,Gold,user923@example.com
C100924,05/03/2022,East,Silver,user924@example.com
C100925,12/08/2022,West,Silver,user925@example.com
C100926,09/07/2023,South,Silver,user926@example.com
C100927,09/10/2023,Central,Silver,user927@example.com
C100928,04/25/2023,East,Silver,user928@example.com
C100929,02/22/2021,East,Bronze,user929@example.com
C100930,03/04/2023,South,Bronze,user930@example.com
C100931,05/30/2022,East,Platinum,user931@example.com
C100932,12/13/2022,North,Platinum,user932@example.com
C100933,04/22/2022,South,Bronze,user933@example.com
C100934,09/06/2022,South,Silver,user934@example.com
C100935,08/07/2022,Central,Bronze,user935@example.com
C100936,09/09/2021,South,Silver,user936@example.com
C100937,03/11/2022,South,Bronze,user937@example.com
C100938,07/08/2021,Central,Silver,user938@example.com
C100939,01/16/2023,East,Silver,user939@example.com
C100940,10/19/2021,Central,Silver,user940@example.com
C100941,12/19/2021,North,Bronze,user941@example.com
C100942,09/19/2022,Central,Silver,user942@example.com
C100943,10/09/2021,Central,Bronze,user943@example.com
C100944,06/19/2021,Central,Silver,user944@example.com
C100945,12/26/2022,South,Platinum,user945@example.com
C100946,08/13/2023,South,Platinum,user946@example.com
C100947,03/31/2023,East,Silver,user947@example.com
C100948,09/19/2021,West,Silver,user948@example.com
C100949,03/15/2022,North,Bronze,user949@example.com
C100950,06/12/2023,South,Bronze,user950@example.com
C100951,02/07/2023,Central,Silver,user951@example.com
C100952,02/24/2022,South,Bronze,user952@example.com
C100953,08/15/2022,West,Bronze,user953@example.com
C100954,10/24/2021,North,Platinum,user954@example.com
C100955,09/18/2021,,Silver,user955@example.com
C100956,02/16/2022,South,Silver,user956@example.com
C100957,06/05/2022,East,Bronze,user957@example.com
C100958,03/07/2021,North,Gold,user958@example.com
C100959,06/17/2022,North,Silver,user959@example.com
C100960,09/16/2021,West,Silver,user960@example.com
C100961,11/18/2022,,Gold,user961@example.com
C100962,05/07/2022,Central,Bronze,user962@example.com
C100963,03/19/2021,South,Silver,user963@example.com
C100964,02/16/2023,West,Silver,user964@example.com
C100965,02/10/2022,South,Bronze,user965@example.com
C100966,05/20/2021,North,Bronze,user966@example.com
C100967,03/06/2021,South,Platinum,user967@example.com
C100968,01/11/2021,West,Bronze,user968@example.com
C100969,05/24/2023,West,Bronze,user969@example.com
C100970,09/25/2022,South,Silver,user970@example.com
C100971,06/01/2023,Central,Gold,user971@example.com
C100972,02/22/2022,West,Gold,user972@example.com
C100973,03/07/2023,East,Silver,user973@example.com
C100974,02/01/2021,West,Silver,user974@example.com
C100975,06/27/2023,North,Silver,user975@example.com
C100976,02/01/2021,North,Silver,user976@example.com
C100977,09/24/2023,North,Platinum,user977@example.com
C100978,03/13/2023,South,Silver,user978@example.com
C100979,09/23/2021,South,Silver,user979@example.com
C100980,01/04/2023,North,Platinum,user980@example.com
C100981,04/27/2023,West,Silver,user981@example.com
C100982,03/08/2021,East,Bronze,user982@example.com
C100983,04/22/2023,West,Bronze,user983@example.com
C100984,07/23/2021,South,Bronze,user984@example.com
C100985,05/21/2022,East,Silver,user985@example.com
C100986,05/02/2021,South,Gold,user986@example.com
C100987,11/18/2021,East,Bronze,user987@example.com
C100988,04/28/2022,East,Bronze,user988@example.com
C100989,12/05/2022,Central,Silver,user989@example.com
C100990,03/23/2021,Central,Silver,user990@example.com
C100991,05/14/2021,North,Bronze,user991@example.com
C100992,09/16/2022,South,Silver,user992@example.com
C100993,03/20/2022,West,Platinum,user993@example.com
C100994,11/10/2022,West,Silver,user994@example.com
C100995,05/14/2023,,Gold,user995@example.com
C100996,02/20/2021,West,Silver,user996@example.com
C100997,05/23/2021,South,Gold,user997@example.com
C100998,05/18/2022,North,Gold,user998@example.com
C100999,05/01/2021,West,Silver,user999@example.com
C101000,12/23/2022,South,Silver,user1000@example.com
C101001,04/16/2022,Central,Gold,user1001@example.com
C101002,02/05/2022,East,Gold,user1002@example.com
C101003,05/31/2023,North,Platinum,user1003@example.com
C101004,02/13/2023,Central,Bronze,user1004@example.com
C101005,06/01/2023,East,Gold,user1005@example.com
C101006,02/28/2022,Central,Platinum,user1006@example.com
C101007,05/05/2021,South,Silver,user1007@example.com
C101008,05/03/2023,Central,Bronze,user1008@example.com
C101009,05/05/2021,Central,Gold,user1009@example.com
C101010,06/18/2023,East,Bronze,user1010@example.com
C101011,01/23/2021,North,Platinum,user1011@example.com
C101012,01/24/2022,West,Silver,user1012@example.com
C101013,01/21/2023,West,Bronze,user1013@example.com
C101014,08/14/2021,South,Gold,user1014@example.com
C101015,05/22/2023,Central,Silver,user1015@example.com
C101016,07/18/2022,North,Silver,user1016@example.com
C101017,12/19/2021,South,Silver,user1017@example.com
C101018,04/18/2022,North,Bronze,user1018@example.com
C101019,11/21/2022,North,Platinum,user1019@example.com
C101020,04/03/2023,,Bronze,user1020@example.com
C101021,06/26/2023,South,Gold,user1021@example.com
C101022,01/17/2021,West,Platinum,user1022@example.com
C101023,03/02/2022,West,Bronze,user1023@example.com
C101024,04/26/2022,South,Bronze,user1024@example.com
C101025,01/11/2022,South,Bronze,user1025@example.com
C101026,09/20/2022,West,Silver,user1026@example.com
C101027,10/27/2021,West,Gold,user1027@example.com
C101028,03/19/2022,North,Platinum,user1028@example.com
C101029,10/22/2022,North,Bronze,user1029@example.com
C101030,02/26/2023,Central,Silver,user1030@example.com
C101031,07/30/2023,Central,Platinum,user1031@example.com
C101032,12/24/2022,South,Bronze,user1032@example.com
C101033,03/18/2022,West,Silver,user1033@example.com
C101034,01/01/2021,West,Bronze,user1034@example.com
C101035,06/09/2022,East,Silver,user1035@example.com
C101036,02/15/2021,North,Bronze,user1036@example.com
C101037,10/05/2021,South,Bronze,user1037@example.com
C101038,02/24/2023,North,Bronze,user1038@example.com
C101039,06/24/2021,East,Gold,user1039@example.com
C101040,04/21/2022,,Silver,user1040@example.com
C101041,08/15/2023,West,Silver,user1041@example.com
C101042,04/12/2022,East,Bronze,user1042@example.com
C101043,09/29/2021,East,Silver,user1043@example.com
C101044,12/29/2021,West,Platinum,user1044@example.com
C101045,09/08/2021,North,Gold,user1045@example.com
C101046,09/16/2023,East,Bronze,user1046@example.com
C101047,02/08/2022,North,Silver,user1047@example.com
C101048,12/16/2022,West,Bronze,user1048@example.com
C101049,07/30/2023,North,Bronze,user1049@example.com
C101050,05/07/2022,West,Platinum,user1050@example.com
C101051,08/25/2022,West,Bronze,user1051@example.com
C101052,04/13/2023,East,Silver,user1052@example.com
C101053,08/24/2022,North,Gold,user1053@example.com
C101054,06/29/2022,West,Silver,user1054@example.com
C101055,07/06/2022,South,Bronze,user1055@example.com
C101056,11/20/2022,North,Bronze,user1056@example.com
C101057,09/02/2023,West,Silver,user1057@example.com
C101058,02/26/2022,South,Gold,user1058@example.com
C101059,09/27/2022,Central,Bronze,user1059@example.com
C101060,02/09/2021,West,Platinum,user1060@example.com
C101061,06/30/2023,South,Bronze,user1061@example.com
C101062,06/24/2022,East,Bronze,user1062@example.com
C101063,03/12/2022,North,Gold,user1063@example.com
C101064,01/24/2023,East,Silver,user1064@example.com
C101065,01/23/2023,Central,Bronze,user1065@example.com
C101066,02/10/2023,South,Gold,user1066@example.com
C101067,05/18/2022,Central,Bronze,user1067@example.com
C101068,07/29/2021,East,Silver,user1068@example.com
C101069,11/28/2022,East,Gold,user1069@example.com
C101070,10/04/2022,East,Platinum,user1070@example.com
C101071,05/10/2022,West,Silver,user1071@example.com
C101072,04/15/2023,,Gold,user1072@example.com
C101073,08/31/2021,North,Bronze,user1073@example.com
C101074,01/31/2021,South,Bronze,user1074@example.com
C101075,11/26/2021,Central,Bronze,user1075@example.com
C101076,08/04/2021,North,Silver,user1076@example.com
C101077,01/23/2023,South,Platinum,user1077@example.com
C101078,04/17/2023,Central,Bronze,user1078@example.com
C101079,10/29/2021,West,Bronze,user1079@example.com
C101080,03/24/2023,North,Gold,user1080@example.com
C101081,09/05/2022,North,Gold,user1081@example.com
C101082,07/16/2023,East,Silver,user1082@example.com
C101083,03/22/2021,East,Bronze,user1083@example.com
C101084,03/11/2021,Central,Silver,user1084@example.com
C101085,11/24/2022,Central,Bronze,user1085@example.com
C101086,11/11/2022,Central,Bronze,user1086@example.com
C101087,01/20/2023,Central,Bronze,user1087@example.com
C101088,03/26/2022,South,Bronze,user1088@example.com
C101089,08/07/2021,West,Gold,user1089@example.com
C101090,12/19/2021,East,Silver,user1090@example.com
C101091,03/27/2023,Central,Silver,user1091@example.com
C101092,02/02/2023,North,Silver,user1092@example.com
C101093,10/02/2022,Central,Bronze,user1093@example.com
C101094,08/13/2022,Central,Bronze,user1094@example.com
C101095,04/05/2022,West,Silver,user1095@example.com
C101096,10/23/2021,West,Silver,user1096@example.com
C101097,06/27/2023,,Bronze,user1097@example.com
C101098,05/16/2023,North,Bronze,user1098@example.com
C101099,03/17/2023,South,Bronze,user1099@example.com
C101100,11/07/2021,East,Platinum,user1100@example.com
C101101,08/24/2022,South,Bronze,user1101@example.com
C101102,07/12/2023,,Bronze,user1102@example.com
C101103,09/08/2023,East,Gold,user1103@example.com
C101104,07/18/2023,South,Silver,user1104@example.com
C101105,02/27/2022,Central,Bronze,user1105@example.com
C101106,05/02/2021,South,Silver,user1106@example.com
C101107,11/04/2021,Central,Bronze,user1107@example.com
C101108,04/22/2022,South,Bronze,user1108@example.com
C101109,05/01/2023,North,Bronze,user1109@example.com
C101110,04/23/2021,North,Bronze,user1110@example.com
C101111,10/04/2022,North,Bronze,user1111@example.com
C101112,03/05/2022,West,Gold,user1112@example.com
C101113,04/23/2023,South,Bronze,user1113@example.com
C101114,07/22/2021,East,Bronze,user1114@example.com
C101115,07/15/2022,South,Bronze,user1115@example.com
C101116,12/27/2021,South,Bronze,user1116@example.com
C101117,01/03/2021,South,Silver,user1117@example.com
C101118,03/11/2023,North,Bronze,user1118@example.com
C101119,09/27/2023,North,Bronze,user1119@example.com
C101120,06/09/2021,East,Silver,user1120@example.com
C101121,03/10/2022,South,Silver,user1121@example.com
C101122,06/12/2022,South,Gold,user1122@example.com
C101123,11/17/2022,North,Silver,user1123@example.com
C101124,02/01/2023,Central,Silver,user1124@example.com
C101125,06/22/2023,South,Gold,user1125@example.com
C101126,05/21/2022,North,Gold,user1126@example.com
C101127,08/20/2022,South,Bronze,user1127@example.com
C101128,10/25/2022,Central,Bronze,user1128@example.com
C101129,06/24/2023,South,Platinum,user1129@example.com
C101130,07/03/2023,North,Bronze,user1130@example.com
C101131,06/28/2022,East,Silver,user1131@example.com
C101132,04/01/2022,West,Bronze,user1132@example.com
C101133,10/26/2021,West,Silver,user1133@example.com
C101134,04/22/2023,South,Silver,user1134@example.com
C101135,05/10/2023,Central,Bronze,user1135@example.com
C101136,12/24/2021,North,Platinum,user1136@example.com
C101137,07/17/2023,West,Gold,user1137@example.com
C101138,11/11/2021,Central,Platinum,user1138@example.com
C101139,04/21/2023,Central,Gold,user1139@example.com
C101140,02/27/2022,East,Bronze,user1140@example.com
C101141,06/27/2021,South,Bronze,user1141@example.com
C101142,01/21/2023,South,Silver,user1142@example.com
C101143,01/20/2022,North,Gold,user1143@example.com
C101144,03/11/2023,Central,Bronze,user1144@example.com
C101145,03/03/2023,West,Gold,user1145@example.com
C101146,09/01/2022,North,Bronze,user1146@example.com
C101147,01/08/2021,North,Platinum,user1147@example.com
C101148,09/14/2021,North,Silver,user1148@example.com
C101149,11/12/2021,West,Platinum,user1149@example.com
C101150,06/08/2021,North,Gold,user1150@example.com
C101151,09/15/2023,East,Bronze,user1151@example.com
C101152,04/29/2022,West,Gold,user1152@example.com
C101153,09/08/2021,Central,Silver,user1153@example.com
C101154,08/03/2023,West,Silver,user1154@example.com
C101155,02/09/2022,South,Bronze,user1155@example.com
C101156,07/12/2021,South,Gold,user1156@example.com
C101157,04/08/2023,Central,Bronze,user1157@example.com
C101158,01/15/2023,Central,Silver,user1158@example.com
C101159,05/18/2022,South,Platinum,user1159@example.com
C101160,02/10/2023,North,Silver,user1160@example.com
C101161,07/18/2021,West,Gold,user1161@example.com
C101162,06/12/2021,West,Platinum,user1162@example.com
C101163,05/31/2023,East,Gold,user1163@example.com
C101164,11/21/2022,North,Platinum,user1164@example.com
C101165,08/13/2022,South,Gold,user1165@example.com
C101166,01/01/2022,North,Platinum,user1166@example.com
C101167,09/04/2021,North,Bronze,user1167@example.com
C101168,01/29/2021,East,Gold,user1168@example.com
C101169,06/20/2023,Central,Bronze,user1169@example.com
C101170,07/10/2021,East,Silver,user1170@example.com
C101171,10/31/2021,Central,Gold,user1171@example.com
C101172,05/29/2021,Central,Bronze,user1172@example.com
C101173,10/20/2022,South,Silver,user1173@example.com
C101174,10/23/2021,Central,Bronze,user1174@example.com
C101175,09/10/2023,West,Gold,user1175@example.com
C101176,12/05/2021,North,Bronze,user1176@example.com
C101177,04/25/2022,West,Silver,user1177@example.com
C101178,03/29/2021,Central,Bronze,user1178@example.com
C101179,06/11/2022,,Gold,user1179@example.com
C101180,06/13/2022,East,Bronze,user1180@example.com
C101181,05/26/2021,East,Gold,user1181@example.com
C101182,05/16/2021,North,Bronze,user1182@example.com
C101183,11/14/2021,,Silver,user1183@example.com
C101184,11/24/2021,South,Gold,user1184@example.com
C101185,08/31/2021,South,Bronze,user1185@example.com
C101186,02/05/2021,East,Bronze,user1186@example.com
C101187,01/04/2022,West,Bronze,user1187@example.com
C101188,03/25/2022,East,Silver,user1188@example.com
C101189,02/10/2022,West,Bronze,user1189@example.com
C101190,05/12/2023,North,Gold,user1190@example.com
C101191,06/08/2021,South,Bronze,user1191@example.com
C101192,03/15/2021,North,Silver,user1192@example.com
C101193,11/29/2022,West,Bronze,user1193@example.com
C101194,07/12/2022,East,Platinum,user1194@example.com
C101195,08/11/2023,Central,Gold,user1195@example.com
C101196,05/31/2023,Central,Bronze,user1196@example.com
C101197,05/18/2021,South,Silver,user1197@example.com
C101198,10/04/2022,Central,Platinum,user1198@example.com
C101199,07/06/2023,North,Bronze,user1199@example.com
C101200,01/17/2021,Central,Bronze,user1200@example.com
C101201,10/18/2022,East,Silver,user1201@example.com
C101202,05/10/2022,Central,Silver,user1202@example.com
C101203,09/11/2022,South,Bronze,user1203@example.com
C101204,08/07/2021,North,Platinum,user1204@example.com
C101205,09/26/2022,East,Bronze,user1205@example.com
C101206,02/05/2021,Central,Silver,user1206@example.com
C101207,08/21/2023,North,Gold,user1207@example.com
C101208,01/20/2021,South,Bronze,user1208@example.com
C101209,03/11/2021,West,Silver,user1209@example.com
C101210,04/26/2023,West,Silver,user1210@example.com
C101211,08/02/2022,South,Gold,user1211@example.com
C101212,04/26/2022,South,Silver,user1212@example.com
C101213,01/15/2023,West,Bronze,user1213@example.com
C101214,03/18/2023,East,Gold,user1214@example.com
C101215,02/01/2021,East,Bronze,user1215@example.com
C101216,06/08/2022,North,Platinum,user1216@example.com
C101217,12/28/2022,North,Silver,user1217@example.com
C101218,04/12/2023,North,Bronze,user1218@example.com
C101219,08/19/2023,East,Bronze,user1219@example.com
C101220,01/22/2021,East,Gold,user1220@example.com
C101221,02/07/2023,West,Gold,user1221@example.com
C101222,07/10/2022,West,Silver,user1222@example.com
C101223,01/02/2021,East,Gold,user1223@example.com
C101224,10/17/2022,Central,Silver,user1224@example.com
C101225,08/18/2022,North,Bronze,user1225@example.com
C101226,03/16/2022,Central,Silver,user1226@example.com
C101227,06/13/2021,East,Gold,user1227@example.com
C101228,05/19/2021,East,Bronze,user1228@example.com
C101229,01/09/2023,North,Silver,user1229@example.com
C101230,09/27/2022,Central,Bronze,user1230@example.com
C101231,11/21/2022,South,Bronze,user1231@example.com
C101232,01/07/2021,Central,Gold,user1232@example.com
C101233,09/24/2021,West,Bronze,user1233@example.com
C101234,06/24/2021,Central,Gold,user1234@example.com
C101235,04/06/2023,North,Platinum,user1235@example.com
C101236,07/12/2023,North,Silver,user1236@example.com
C101237,09/22/2022,South,Silver,user1237@example.com
C101238,05/29/2023,West,Bronze,user1238@example.com
C101239,06/30/2023,South,Silver,user1239@example.com
C101240,06/04/2022,East,Bronze,user1240@example.com
C101241,11/16/2021,East,Silver,user1241@example.com
C101242,08/10/2021,East,Platinum,user1242@example.com
C101243,07/16/2023,North,Platinum,user1243@example.com
C101244,04/17/2021,East,Silver,user1244@example.com
C101245,06/23/2021,South,Silver,user1245@example.com
C101246,05/07/2023,South,Gold,user1246@example.com
C101247,02/14/2021,West,Silver,user1247@example.com
C101248,12/14/2022,North,Platinum,user1248@example.com
C101249,08/11/2023,North,Bronze,user1249@example.com
C101250,06/08/2023,Central,Bronze,user1250@example.com
C101251,08/06/2021,East,Silver,user1251@example.com
C101252,06/28/2022,Central,Gold,user1252@example.com
C101253,03/21/2023,North,Platinum,user1253@example.com
C101254,05/25/2023,South,Silver,user1254@example.com
C101255,03/30/2021,South,Silver,user1255@example.com
C101256,08/14/2022,West,Bronze,user1256@example.com
C101257,07/24/2022,North,Bronze,user1257@example.com
C101258,09/23/2023,South,Bronze,user1258@example.com
C101259,12/02/2021,West,Gold,user1259@example.com
C101260,06/07/2022,East,Bronze,user1260@example.com
C101261,02/22/2022,Central,Gold,user1261@example.com
C101262,03/16/2021,East,Platinum,user1262@example.com
C101263,10/02/2022,Central,Silver,user1263@example.com
C101264,08/23/2021,South,Silver,user1264@example.com
C101265,11/01/2021,West,Silver,user1265@example.com
C101266,04/21/2022,East,Silver,user1266@example.com
C101267,03/24/2023,East,Silver,user1267@example.com
C101268,02/19/2021,South,Platinum,user1268@example.com
C101269,01/30/2021,West,Bronze,user1269@example.com
C101270,03/11/2023,Central,Gold,user1270@example.com
C101271,01/09/2021,West,Silver,user1271@example.com
C101272,09/12/2021,North,Platinum,user1272@example.com
C101273,09/17/2022,East,Silver,user1273@example.com
C101274,02/01/2023,South,Silver,user1274@example.com
C101275,04/02/2022,South,Silver,user1275@example.com
C101276,08/23/2022,South,Silver,user1276@example.com
C101277,09/13/2021,North,Bronze,user1277@example.com
C101278,10/20/2021,West,Silver,user1278@example.com
C101279,03/13/2022,East,Silver,user1279@example.com
C101280,07/29/2022,East,Gold,user1280@example.com
C101281,02/05/2022,,Platinum,user1281@example.com
C101282,06/21/2023,North,Gold,user1282@example.com
C101283,01/06/2023,South,Platinum,user1283@example.com
C101284,03/22/2023,West,Gold,user1284@example.com
C101285,08/31/2023,North,Bronze,user1285@example.com
C101286,05/02/2023,West,Silver,user1286@example.com
C101287,08/22/2023,East,Silver,user1287@example.com
C101288,11/29/2021,East,Gold,user1288@example.com
C101289,08/19/2021,East,Silver,user1289@example.com
C101290,02/19/2021,Central,Gold,user1290@example.com
C101291,07/28/2022,South,Silver,user1291@example.com
C101292,05/13/2022,North,Bronze,user1292@example.com
C101293,04/06/2022,South,Bronze,user1293@example.com
C101294,03/14/2022,North,Bronze,user1294@example.com
C101295,02/23/2022,Central,Platinum,user1295@example.com
C101296,09/17/2022,Central,Gold,user1296@example.com
C101297,12/11/2022,Central,Platinum,user1297@example.com
C101298,03/22/2021,West,Silver,user1298@example.com
C101299,11/07/2022,Central,Bronze,user1299@example.com
C101300,04/17/2023,North,Bronze,user1300@example.com
C101301,06/23/2022,Central,Silver,user1301@example.com
C101302,03/06/2022,West,Gold,user1302@example.com
C101303,02/25/2023,West,Bronze,user1303@example.com
C101304,03/31/2023,Central,Silver,user1304@example.com
C101305,03/01/2022,South,Silver,user1305@example.com
C101306,03/27/2021,South,Silver,user1306@example.com
C101307,12/10/2022,Central,Gold,user1307@example.com
C101308,12/24/2022,North,Bronze,user1308@example.com
C101309,08/14/2021,East,Silver,user1309@example.com
C101310,05/31/2022,Central,Silver,user1310@example.com
C101311,12/05/2022,South,Gold,user1311@example.com
C101312,12/01/2021,East,Silver,user1312@example.com
C101313,02/11/2023,South,Silver,user1313@example.com
C101314,07/16/2022,South,Silver,user1314@example.com
C101315,10/09/2022,Central,Platinum,user1315@example.com
C101316,03/28/2021,North,Silver,user1316@example.com
C101317,04/23/2022,South,Silver,user1317@example.com
C101318,03/16/2022,North,Bronze,user1318@example.com
C101319,12/13/2022,East,Silver,user1319@example.com
C101320,11/18/2021,West,Silver,user1320@example.com
C101321,08/13/2022,East,Platinum,user1321@example.com
C101322,08/08/2023,South,Bronze,user1322@example.com
C101323,05/02/2023,South,Platinum,user1323@example.com
C101324,04/13/2021,North,Gold,user1324@example.com
C101325,07/16/2021,Central,Bronze,user1325@example.com
C101326,02/27/2021,East,Bronze,user1326@example.com
C101327,07/28/2021,North,Gold,user1327@example.com
C101328,02/06/2021,East,Bronze,user1328@example.com
C101329,03/17/2021,South,Bronze,user1329@example.com
C101330,07/31/2021,South,Bronze,user1330@example.com
C101331,12/14/2022,West,Gold,user1331@example.com
C101332,04/12/2023,North,Gold,user1332@example.com
C101333,05/17/2023,Central,Gold,user1333@example.com
C101334,05/24/2022,West,Silver,user1334@example.com
C101335,12/02/2021,West,Silver,user1335@example.com
C101336,03/21/2022,West,Gold,user1336@example.com
C101337,09/09/2022,Central,Silver,user1337@example.com
C101338,07/12/2023,Central,Bronze,user1338@example.com
C101339,05/12/2021,Central,Gold,user1339@example.com
C101340,05/25/2022,West,Bronze,user1340@example.com
C101341,10/28/2022,North,Bronze,user1341@example.com
C101342,04/22/2022,West,Silver,user1342@example.com
C101343,10/05/2022,Central,Bronze,user1343@example.com
C101344,11/05/2022,South,Bronze,user1344@example.com
C101345,04/16/2021,East,Bronze,user1345@example.com
C101346,04/18/2021,South,Silver,user1346@example.com
C101347,08/11/2021,South,Bronze,user1347@example.com
C101348,04/12/2023,West,Gold,user1348@example.com
C101349,05/05/2023,North,Bronze,user1349@example.com
C101350,01/26/2021,South,Bronze,user1350@example.com
C101351,09/02/2021,East,Gold,user1351@example.com
C101352,03/21/2023,South,Bronze,user1352@example.com
C101353,05/05/2023,East,Bronze,user1353@example.com
C101354,08/24/2021,East,Gold,user1354@example.com
C101355,01/27/2022,East,Silver,user1355@example.com
C101356,06/21/2022,Central,Platinum,user1356@example.com
C101357,08/12/2021,West,Silver,user1357@example.com
C101358,03/03/2021,Central,Bronze,user1358@example.com
C101359,03/16/2021,South,Platinum,user1359@example.com
C101360,09/03/2023,South,Bronze,user1360@example.com
C101361,07/25/2022,South,Silver,user1361@example.com
C101362,01/22/2023,East,Bronze,user1362@example.com
C101363,06/28/2022,East,Silver,user1363@example.com
C101364,06/14/2023,North,Bronze,user1364@example.com
C101365,10/28/2022,West,Platinum,user1365@example.com
C101366,08/22/2022,East,Silver,user1366@example.com
C101367,03/16/2023,East,Silver,user1367@example.com
C101368,12/09/2021,South,Silver,user1368@example.com
C101369,08/31/2022,East,Bronze,user1369@example.com
C101370,08/30/2022,East,Gold,user1370@example.com
C101371,08/23/2023,North,Bronze,user1371@example.com
C101372,03/30/2022,North,Gold,user1372@example.com
C101373,11/27/2022,North,Bronze,user1373@example.com
C101374,10/31/2022,South,Silver,user1374@example.com
C101375,07/03/2022,East,Bronze,user1375@example.com
C101376,09/29/2021,West,Bronze,user1376@example.com
C101377,07/28/2021,West,Bronze,user1377@example.com
C101378,06/23/2021,South,Bronze,user1378@example.com
C101379,06/18/2022,North,Gold,user1379@example.com
C101380,02/10/2023,East,Bronze,user1380@example.com
C101381,10/24/2022,Central,Bronze,user1381@example.com
C101382,01/30/2021,North,Bronze,user1382@example.com
C101383,06/01/2022,East,Platinum,user1383@example.com
C101384,01/02/2022,North,Bronze,user1384@example.com
C101385,05/30/2021,North,Bronze,user1385@example.com
C101386,11/13/2021,Central,Bronze,user1386@example.com
C101387,03/25/2023,East,Gold,user1387@example.com
C101388,02/19/2021,Central,Bronze,user1388@example.com
C101389,11/24/2021,West,Silver,user1389@example.com
C101390,07/06/2023,East,Gold,user1390@example.com
C101391,10/04/2021,North,Gold,user1391@example.com
C101392,12/26/2022,Central,Silver,user1392@example.com
C101393,04/27/2023,West,Gold,user1393@example.com
C101394,11/19/2021,North,Silver,user1394@example.com
C101395,02/17/2021,South,Bronze,user1395@example.com
C101396,06/05/2022,East,Bronze,user1396@example.com
C101397,08/07/2022,South,Gold,user1397@example.com
C101398,06/19/2022,West,Bronze,user1398@example.com
C101399,06/16/2021,West,Platinum,user1399@example.com
C101400,02/21/2023,North,Bronze,user1400@example.com
C101401,02/21/2023,West,Gold,user1401@example.com
C101402,02/13/2022,South,Bronze,user1402@example.com
C101403,02/22/2023,North,Platinum,user1403@example.com
C101404,03/22/2021,North,Gold,user1404@example.com
C101405,01/07/2021,Central,Silver,user1405@example.com
C101406,10/31/2022,North,Silver,user1406@example.com
C101407,11/03/2021,Central,Bronze,user1407@example.com
C101408,02/08/2021,Central,Silver,user1408@example.com
C101409,07/29/2022,North,Gold,user1409@example.com
C101410,06/08/2023,South,Gold,user1410@example.com
C101411,10/07/2022,East,Bronze,user1411@example.com
C101412,03/27/2023,East,Platinum,user1412@example.com
C101413,05/10/2022,South,Gold,user1413@example.com
C101414,04/14/2021,East,Bronze,user1414@example.com
C101415,02/26/2021,West,Bronze,user1415@example.com
C101416,02/12/2021,East,Silver,user1416@example.com
C101417,07/15/2021,West,Bronze,user1417@example.com
C101418,12/25/2022,West,Bronze,user1418@example.com
C101419,11/28/2021,West,Bronze,user1419@example.com
C101420,04/05/2021,North,Bronze,user1420@example.com
C101421,02/25/2022,East,Bronze,user1421@example.com
C101422,07/11/2021,West,Bronze,user1422@example.com
C101423,09/30/2021,Central,Platinum,user1423@example.com
C101424,06/13/2023,East,Gold,user1424@example.com
C101425,11/19/2021,West,Bronze,user1425@example.com
C101426,03/16/2021,South,Silver,user1426@example.com
C101427,02/16/2023,West,Bronze,user1427@example.com
C101428,05/09/2022,South,Silver,user1428@example.com
C101429,06/18/2021,North,Gold,user1429@example.com
C101430,10/05/2022,South,Gold,user1430@example.com
C101431,06/21/2021,East,Platinum,user1431@example.com
C101432,06/28/2022,North,Silver,user1432@example.com
C101433,03/11/2021,North,Bronze,user1433@example.com
C101434,03/12/2021,East,Platinum,user1434@example.com
C101435,03/14/2021,East,Silver,user1435@example.com
C101436,04/26/2022,West,Bronze,user1436@example.com
C101437,11/11/2022,West,Bronze,user1437@example.com
C101438,01/18/2022,Central,Gold,user1438@example.com
C101439,10/22/2022,South,Bronze,user1439@example.com
C101440,08/20/2021,Central,Gold,user1440@example.com
C101441,07/10/2023,South,Gold,user1441@example.com
C101442,06/21/2021,North,Silver,user1442@example.com
C101443,01/12/2023,North,Silver,user1443@example.com
C101444,08/15/2023,West,Silver,user1444@example.com
C101445,03/27/2021,West,Bronze,user1445@example.com
C101446,06/26/2021,South,Gold,user1446@example.com
C101447,06/06/2023,East,Silver,user1447@example.com
C101448,07/19/2022,Central,Silver,user1448@example.com
C101449,01/15/2022,West,Bronze,user1449@example.com
C101450,06/11/2021,Central,Bronze,user1450@example.com
C101451,01/04/2023,Central,Gold,user1451@example.com
C101452,10/13/2022,West,Bronze,user1452@example.com
C101453,03/23/2022,Central,Bronze,user1453@example.com
C101454,08/13/2023,East,Gold,user1454@example.com
C101455,01/31/2023,North,Bronze,user1455@example.com
C101456,10/22/2022,North,Bronze,user1456@example.com
C101457,08/25/2022,North,Bronze,user1457@example.com
C101458,10/24/2022,North,Silver,user1458@example.com
C101459,12/14/2021,East,Silver,user1459@example.com
C101460,08/01/2021,West,Silver,user1460@example.com
C101461,01/21/2023,Central,Silver,user1461@example.com
C101462,06/20/2022,East,Silver,user1462@example.com
C101463,05/31/2022,East,Gold,user1463@example.com
C101464,10/10/2021,West,Bronze,user1464@example.com
C101465,09/10/2022,West,Bronze,user1465@example.com
C101466,03/02/2023,North,Silver,user1466@example.com
C101467,05/21/2023,East,Bronze,user1467@example.com
C101468,04/04/2021,West,Bronze,user1468@example.com
C101469,06/23/2022,North,Bronze,user1469@example.com
C101470,04/24/2022,South,Bronze,user1470@example.com
C101471,03/27/2021,North,Platinum,user1471@example.com
C101472,04/03/2022,Central,Silver,user1472@example.com
C101473,05/10/2023,North,Gold,user1473@example.com
C101474,11/19/2021,Central,Gold,user1474@example.com
C101475,05/22/2023,Central,Silver,user1475@example.com
C101476,08/23/2022,East,Silver,user1476@example.com
C101477,03/04/2021,Central,Gold,user1477@example.com
C101478,06/06/2023,South,Bronze,user1478@example.com
C101479,04/05/2022,West,Silver,user1479@example.com
C101480,05/18/2023,West,Silver,user1480@example.com
C101481,05/10/2022,South,Bronze,user1481@example.com
C101482,10/02/2021,South,Bronze,user1482@example.com
C101483,03/11/2023,North,Bronze,user1483@example.com
C101484,01/07/2023,South,Gold,user1484@example.com
C101485,03/21/2021,Central,Bronze,user1485@example.com
C101486,05/24/2022,South,Bronze,user1486@example.com
C101487,12/31/2021,East,Gold,user1487@example.com
C101488,09/11/2022,South,Silver,user1488@example.com
C101489,07/22/2023,West,Bronze,user1489@example.com
C101490,03/10/2023,South,Bronze,user1490@example.com
C101491,02/04/2022,North,Bronze,user1491@example.com
C101492,02/23/2023,South,Silver,user1492@example.com
C101493,01/31/2022,Central,Platinum,user1493@example.com
C101494,12/15/2022,Central,Bronze,user1494@example.com
C101495,07/02/2022,Central,Platinum,user1495@example.com
C101496,10/19/2022,South,Platinum,user1496@example.com
C101497,11/02/2021,South,Bronze,user1497@example.com
C101498,06/10/2021,East,Silver,user1498@example.com
C101499,10/15/2022,West,Gold,user1499@example.com
